date,sales,avg_temp_c,rainfall_mm,is_holiday,is_promotion
2022-01-01,237,-2.39,0.0,1,0
2022-01-02,281,-5.0,1.74,0,0
2022-01-03,150,-3.53,0.0,0,0
2022-01-04,171,-5.0,6.3,0,0
2022-01-05,152,-3.97,0.0,0,0
2022-01-06,127,-1.63,0.0,0,0
2022-01-07,192,-3.09,0.0,0,0
2022-01-08,218,-5.0,0.0,0,0
2022-01-09,264,-2.92,0.0,0,1
2022-01-10,152,-1.64,0.0,0,0
2022-01-11,189,-3.84,0.0,0,0
2022-01-12,140,-5.0,0.0,0,0
2022-01-13,147,-3.72,0.0,0,0
2022-01-14,132,-3.12,0.0,0,0
2022-01-15,211,-3.6,0.0,0,0
2022-01-16,201,-5.0,8.85,0,0
2022-01-17,127,-3.9,2.22,0,0
2022-01-18,173,-3.1,0.0,0,0
2022-01-19,164,-2.36,5.38,0,0
2022-01-20,176,-2.99,7.53,0,0
2022-01-21,158,0.18,0.0,0,0
2022-01-22,224,-1.25,5.11,0,0
2022-01-23,274,-4.48,0.0,0,0
2022-01-24,172,-3.89,0.0,0,0
2022-01-25,150,-5.0,0.0,0,0
2022-01-26,149,-0.33,0.0,0,0
2022-01-27,195,-1.19,0.0,0,0
2022-01-28,166,-2.73,0.0,0,0
2022-01-29,256,-3.22,0.0,0,0
2022-01-30,189,-1.88,0.0,0,0
2022-01-31,191,-0.78,0.0,0,0
2022-02-01,186,-3.48,0.0,0,0
2022-02-02,173,-0.44,0.0,0,0
2022-02-03,152,-0.28,5.95,0,0
2022-02-04,150,-1.7,5.57,0,0
2022-02-05,185,0.95,0.0,0,0
2022-02-06,296,0.81,0.0,0,0
2022-02-07,156,1.55,0.0,0,0
2022-02-08,139,-0.64,0.0,0,0
2022-02-09,160,-1.58,0.0,0,0
2022-02-10,180,-1.28,0.0,0,0
2022-02-11,171,2.6,0.0,0,0
2022-02-12,160,3.91,0.0,0,0
2022-02-13,226,1.47,1.28,0,0
2022-02-14,152,0.2,0.0,0,0
2022-02-15,177,6.22,0.0,0,0
2022-02-16,175,2.7,0.0,0,0
2022-02-17,171,0.31,7.95,0,0
2022-02-18,156,0.89,0.0,0,0
2022-02-19,253,5.08,0.0,0,0
2022-02-20,234,7.38,0.0,0,0
2022-02-21,170,0.49,0.0,0,0
2022-02-22,161,3.65,0.0,0,0
2022-02-23,154,7.23,0.0,0,0
2022-02-24,145,5.64,0.0,0,0
2022-02-25,152,4.02,0.0,0,0
2022-02-26,237,6.25,0.0,0,0
2022-02-27,214,3.92,6.21,0,0
2022-02-28,165,6.42,0.0,0,0
2022-03-01,127,7.84,0.0,0,0
2022-03-02,161,5.63,0.0,0,0
2022-03-03,130,3.98,0.0,0,0
2022-03-04,129,2.83,6.86,0,0
2022-03-05,204,3.95,0.0,0,0
2022-03-06,237,5.81,0.0,0,0
2022-03-07,142,5.99,0.0,0,0
2022-03-08,168,6.17,0.0,0,0
2022-03-09,155,5.4,0.0,0,0
2022-03-10,141,6.93,0.0,0,0
2022-03-11,130,7.25,0.0,0,0
2022-03-12,281,9.16,0.0,0,0
2022-03-13,232,6.54,0.0,0,0
2022-03-14,141,3.61,0.0,0,0
2022-03-15,161,6.37,4.99,0,0
2022-03-16,155,8.24,1.62,0,0
2022-03-17,141,9.69,5.11,0,0
2022-03-18,146,7.85,0.0,0,0
2022-03-19,205,9.44,0.0,0,0
2022-03-20,181,9.94,0.0,0,0
2022-03-21,158,11.65,0.0,0,0
2022-03-22,156,10.36,1.6,0,0
2022-03-23,154,9.94,0.0,0,0
2022-03-24,123,12.21,1.61,0,0
2022-03-25,150,9.33,0.0,0,1
2022-03-26,205,6.87,8.17,0,0
2022-03-27,246,16.03,0.0,0,0
2022-03-28,187,12.91,0.0,0,0
2022-03-29,157,13.91,3.47,0,0
2022-03-30,138,14.18,0.0,0,0
2022-03-31,119,13.68,7.34,0,0
2022-04-01,160,10.99,0.0,0,0
2022-04-02,233,8.9,0.0,0,0
2022-04-03,215,13.27,0.0,0,0
2022-04-04,147,10.93,0.0,0,0
2022-04-05,111,12.37,0.0,0,0
2022-04-06,148,15.13,0.0,0,0
2022-04-07,115,15.19,0.0,0,0
2022-04-08,128,14.7,0.0,0,0
2022-04-09,280,16.86,0.0,0,0
2022-04-10,292,11.54,0.0,0,0
2022-04-11,152,18.54,2.09,0,0
2022-04-12,150,15.12,0.0,0,0
2022-04-13,132,14.48,0.0,0,0
2022-04-14,150,17.09,8.22,0,0
2022-04-15,192,15.19,0.0,0,0
2022-04-16,267,16.25,9.48,0,0
2022-04-17,214,16.56,0.0,0,0
2022-04-18,132,16.5,0.0,0,0
2022-04-19,128,15.76,0.0,0,0
2022-04-20,141,18.21,0.0,0,0
2022-04-21,134,17.08,0.0,0,0
2022-04-22,134,18.06,0.19,0,0
2022-04-23,182,20.61,0.0,0,0
2022-04-24,209,16.13,0.0,0,0
2022-04-25,143,16.91,0.0,0,0
2022-04-26,114,15.79,0.0,0,0
2022-04-27,133,19.54,0.0,0,0
2022-04-28,116,17.74,0.0,0,0
2022-04-29,159,16.96,0.0,0,0
2022-04-30,181,19.09,0.0,0,0
2022-05-01,112,17.54,0.0,0,0
2022-05-02,171,17.92,0.0,0,0
2022-05-03,172,21.6,9.1,0,0
2022-05-04,107,20.65,1.64,0,0
2022-05-05,175,22.45,1.57,0,0
2022-05-06,140,14.36,2.41,0,0
2022-05-07,179,19.81,0.0,0,0
2022-05-08,227,19.63,0.0,0,0
2022-05-09,152,22.23,1.53,0,0
2022-05-10,143,24.25,0.0,0,0
2022-05-11,145,20.58,0.0,0,0
2022-05-12,137,20.44,0.0,0,0
2022-05-13,186,21.78,0.0,0,0
2022-05-14,220,21.82,1.7,0,0
2022-05-15,174,21.11,0.0,0,0
2022-05-16,159,19.56,6.18,0,0
2022-05-17,140,26.04,0.91,0,0
2022-05-18,165,21.29,0.0,0,0
2022-05-19,178,25.22,0.0,0,0
2022-05-20,93,23.82,2.24,0,0
2022-05-21,274,23.17,0.0,0,0
2022-05-22,212,20.18,0.0,0,0
2022-05-23,189,20.59,0.0,0,0
2022-05-24,141,24.32,0.0,0,0
2022-05-25,142,22.47,0.0,0,0
2022-05-26,137,26.53,3.56,0,0
2022-05-27,196,24.59,7.17,0,1
2022-05-28,247,26.49,0.0,0,0
2022-05-29,231,23.82,0.0,0,0
2022-05-30,144,26.01,0.0,0,0
2022-05-31,127,25.87,0.0,0,0
2022-06-01,165,22.54,0.0,0,0
2022-06-02,141,21.18,0.0,0,0
2022-06-03,116,22.76,0.0,0,0
2022-06-04,225,23.95,8.29,0,0
2022-06-05,267,23.61,8.26,0,0
2022-06-06,127,25.64,0.0,0,0
2022-06-07,178,29.32,0.0,0,0
2022-06-08,136,21.93,0.0,0,0
2022-06-09,113,24.42,4.3,0,0
2022-06-10,176,26.35,0.0,0,1
2022-06-11,209,22.32,0.0,0,0
2022-06-12,256,26.26,0.0,0,0
2022-06-13,122,23.77,0.0,0,0
2022-06-14,135,24.5,0.0,0,0
2022-06-15,136,21.63,0.0,0,0
2022-06-16,176,28.01,0.0,0,0
2022-06-17,151,22.59,0.0,0,0
2022-06-18,231,24.4,0.0,0,0
2022-06-19,263,24.27,0.0,0,1
2022-06-20,148,26.61,0.0,0,0
2022-06-21,128,26.69,0.0,0,0
2022-06-22,198,22.73,0.0,0,0
2022-06-23,140,23.54,0.0,0,0
2022-06-24,164,24.56,0.0,0,0
2022-06-25,218,22.59,0.0,0,0
2022-06-26,248,23.54,0.0,0,0
2022-06-27,178,23.86,0.0,0,0
2022-06-28,125,21.68,0.0,0,0
2022-06-29,131,23.96,0.0,0,0
2022-06-30,151,24.51,0.0,0,0
2022-07-01,151,24.43,5.42,0,1
2022-07-02,155,25.79,0.0,0,0
2022-07-03,248,25.93,1.52,0,0
2022-07-04,114,26.4,0.67,1,0
2022-07-05,137,25.37,2.92,0,0
2022-07-06,165,26.57,0.0,0,0
2022-07-07,155,24.48,0.0,0,0
2022-07-08,126,26.32,0.0,0,0
2022-07-09,174,25.01,1.4,0,0
2022-07-10,201,24.36,0.0,0,0
2022-07-11,111,23.79,0.0,0,0
2022-07-12,110,21.22,8.93,0,0
2022-07-13,143,24.27,0.0,0,0
2022-07-14,134,25.09,0.16,0,0
2022-07-15,168,21.5,0.2,0,0
2022-07-16,234,23.34,6.06,0,0
2022-07-17,197,25.28,0.0,0,0
2022-07-18,161,22.43,0.0,0,0
2022-07-19,133,22.5,0.0,0,0
2022-07-20,93,23.76,0.0,0,0
2022-07-21,170,23.9,0.0,0,0
2022-07-22,141,21.64,0.0,0,0
2022-07-23,221,22.33,0.0,0,0
2022-07-24,246,21.75,0.0,0,0
2022-07-25,123,26.15,0.0,0,0
2022-07-26,176,24.97,0.0,0,0
2022-07-27,170,23.17,0.0,0,0
2022-07-28,166,21.64,0.0,0,0
2022-07-29,154,20.57,5.25,0,0
2022-07-30,178,22.41,0.0,0,0
2022-07-31,167,21.16,0.0,0,0
2022-08-01,152,21.31,5.12,0,0
2022-08-02,146,23.8,0.0,0,0
2022-08-03,168,19.06,0.0,0,0
2022-08-04,168,22.6,0.0,0,0
2022-08-05,149,21.1,0.0,0,0
2022-08-06,183,20.45,0.0,0,0
2022-08-07,238,22.71,0.0,0,0
2022-08-08,147,22.26,0.0,0,0
2022-08-09,145,19.73,0.0,0,0
2022-08-10,166,20.88,0.0,0,0
2022-08-11,123,20.23,0.0,0,0
2022-08-12,139,21.98,0.0,0,0
2022-08-13,204,17.49,7.35,0,0
2022-08-14,286,18.17,0.0,0,0
2022-08-15,156,20.8,0.0,0,0
2022-08-16,145,18.46,0.0,0,0
2022-08-17,155,18.31,0.0,0,0
2022-08-18,133,19.95,0.0,0,0
2022-08-19,132,18.79,0.0,0,0
2022-08-20,152,19.47,0.14,0,0
2022-08-21,223,18.35,0.0,0,0
2022-08-22,122,15.66,0.0,0,0
2022-08-23,143,17.84,5.1,0,0
2022-08-24,127,20.11,8.11,0,0
2022-08-25,140,18.45,0.0,0,0
2022-08-26,152,17.36,0.0,0,0
2022-08-27,184,16.7,0.0,0,0
2022-08-28,223,17.59,0.0,0,0
2022-08-29,190,15.64,0.0,0,0
2022-08-30,137,15.51,0.0,0,0
2022-08-31,149,14.21,0.0,0,0
2022-09-01,154,13.13,6.65,0,0
2022-09-02,189,14.29,0.0,0,0
2022-09-03,189,19.04,2.18,0,0
2022-09-04,205,11.22,0.0,0,0
2022-09-05,197,12.23,0.0,0,0
2022-09-06,138,13.74,0.0,0,0
2022-09-07,112,12.54,0.0,0,0
2022-09-08,160,12.88,0.0,0,0
2022-09-09,150,12.72,2.85,0,0
2022-09-10,242,11.15,0.0,0,0
2022-09-11,209,11.85,9.18,0,0
2022-09-12,125,13.45,6.36,0,0
2022-09-13,142,10.5,9.38,0,0
2022-09-14,158,8.79,5.62,0,0
2022-09-15,178,12.33,0.0,0,0
2022-09-16,149,13.67,4.13,0,0
2022-09-17,208,7.0,0.0,0,0
2022-09-18,195,10.75,0.0,0,0
2022-09-19,135,8.36,0.0,0,0
2022-09-20,156,10.96,0.0,0,0
2022-09-21,135,8.45,0.0,0,0
2022-09-22,132,11.3,0.0,0,0
2022-09-23,162,11.09,0.0,0,0
2022-09-24,226,9.22,0.0,0,0
2022-09-25,196,8.84,0.0,0,0
2022-09-26,118,7.49,7.74,0,0
2022-09-27,138,7.21,0.0,0,0
2022-09-28,184,7.9,0.0,0,0
2022-09-29,151,7.34,0.0,0,0
2022-09-30,118,3.75,0.0,0,0
2022-10-01,201,5.45,0.0,0,0
2022-10-02,210,3.71,0.26,0,0
2022-10-03,121,6.34,0.0,0,0
2022-10-04,120,9.71,0.0,0,0
2022-10-05,128,4.52,0.0,0,0
2022-10-06,136,6.36,0.0,0,0
2022-10-07,153,6.1,0.0,0,0
2022-10-08,179,-0.86,0.0,0,1
2022-10-09,224,2.95,0.0,0,0
2022-10-10,127,4.46,0.0,0,0
2022-10-11,132,5.65,0.0,0,0
2022-10-12,133,3.36,0.0,0,0
2022-10-13,146,2.8,0.0,0,0
2022-10-14,173,3.32,0.0,0,0
2022-10-15,202,7.22,0.0,0,0
2022-10-16,248,2.51,0.0,0,0
2022-10-17,116,1.73,0.0,0,0
2022-10-18,135,1.24,0.0,0,0
2022-10-19,159,0.33,0.0,0,0
2022-10-20,192,2.35,0.0,0,0
2022-10-21,189,0.91,0.0,0,1
2022-10-22,188,3.31,0.0,0,0
2022-10-23,228,-0.22,0.0,0,0
2022-10-24,148,1.95,0.0,0,0
2022-10-25,136,4.76,6.66,0,0
2022-10-26,123,-0.41,2.79,0,0
2022-10-27,143,-1.38,0.0,0,0
2022-10-28,153,0.68,2.11,0,0
2022-10-29,176,0.74,9.11,0,1
2022-10-30,240,1.09,0.0,0,0
2022-10-31,162,1.53,0.0,0,0
2022-11-01,176,1.1,0.0,0,0
2022-11-02,145,2.01,0.0,0,0
2022-11-03,125,-0.85,0.0,0,0
2022-11-04,176,3.92,0.0,0,0
2022-11-05,238,1.49,4.76,0,0
2022-11-06,190,-1.11,0.0,0,0
2022-11-07,140,2.32,2.28,0,0
2022-11-08,133,0.23,0.0,0,0
2022-11-09,111,-0.6,0.0,0,0
2022-11-10,134,-0.74,0.0,0,0
2022-11-11,143,-0.75,0.0,0,0
2022-11-12,194,-2.0,7.21,0,0
2022-11-13,276,-3.54,0.0,0,1
2022-11-14,141,1.45,6.38,0,0
2022-11-15,142,-2.77,0.0,0,0
2022-11-16,122,-3.96,0.0,0,0
2022-11-17,160,-1.92,0.0,0,0
2022-11-18,170,-3.66,0.0,0,0
2022-11-19,222,-2.93,7.37,0,0
2022-11-20,194,-3.43,0.0,0,0
2022-11-21,172,-2.55,0.0,0,0
2022-11-22,133,-2.01,0.0,0,0
2022-11-23,134,-2.56,0.0,0,0
2022-11-24,163,-3.93,0.0,0,0
2022-11-25,131,-2.84,0.0,0,0
2022-11-26,170,-3.83,0.0,0,0
2022-11-27,188,-4.64,0.0,1,0
2022-11-28,142,-3.45,0.0,1,0
2022-11-29,140,-1.6,0.0,0,0
2022-11-30,136,-5.0,7.55,0,0
2022-12-01,165,-5.0,4.83,0,0
2022-12-02,198,-1.85,0.0,0,0
2022-12-03,204,-3.89,0.0,0,0
2022-12-04,219,-2.92,0.0,0,0
2022-12-05,160,-3.86,1.64,0,0
2022-12-06,136,-2.51,8.08,0,0
2022-12-07,103,-3.69,0.0,0,0
2022-12-08,196,-3.55,0.0,0,0
2022-12-09,131,-3.65,4.27,0,1
2022-12-10,233,-3.79,5.76,0,0
2022-12-11,235,-4.51,0.0,0,0
2022-12-12,133,-5.0,0.0,0,0
2022-12-13,143,-4.18,0.0,0,0
2022-12-14,159,-5.0,0.0,0,0
2022-12-15,126,-4.15,0.0,0,0
2022-12-16,208,-2.97,0.0,0,0
2022-12-17,265,-4.05,0.0,0,0
2022-12-18,182,-2.59,9.21,0,0
2022-12-19,157,-5.0,0.0,0,0
2022-12-20,157,-2.83,0.0,0,0
2022-12-21,132,-2.7,3.37,0,0
2022-12-22,182,-5.0,0.0,0,0
2022-12-23,113,-5.0,0.0,0,0
2022-12-24,245,-4.28,0.0,0,0
2022-12-25,190,-5.0,0.0,1,0
2022-12-26,201,-5.0,9.07,0,0
2022-12-27,169,-3.44,0.0,0,0
2022-12-28,157,-5.0,0.0,0,0
2022-12-29,194,-5.0,5.3,0,0
2022-12-30,162,-4.56,0.0,0,0
2022-12-31,249,-2.31,0.0,0,0
2023-01-01,206,-5.0,0.0,1,0
2023-01-02,169,-3.98,0.0,0,0
2023-01-03,126,-2.05,0.0,0,0
2023-01-04,143,-1.71,0.0,0,0
2023-01-05,168,-3.73,0.91,0,0
2023-01-06,142,-4.22,0.0,0,0
2023-01-07,270,-2.95,0.0,0,0
2023-01-08,245,-5.0,0.0,0,0
2023-01-09,194,-5.0,0.0,0,0
2023-01-10,127,-4.94,0.0,0,0
2023-01-11,151,-5.0,0.0,0,0
2023-01-12,153,-4.67,0.0,0,0
2023-01-13,120,-3.68,0.0,0,0
2023-01-14,201,-5.0,0.0,0,0
2023-01-15,243,-4.54,0.0,0,0
2023-01-16,131,-4.0,0.0,0,0
2023-01-17,118,-2.69,5.08,0,0
2023-01-18,144,-3.63,0.0,0,0
2023-01-19,209,-3.93,0.0,0,0
2023-01-20,164,-4.6,0.0,0,0
2023-01-21,199,-4.16,6.31,0,0
2023-01-22,247,-2.31,9.79,0,0
2023-01-23,153,-2.26,0.0,0,0
2023-01-24,161,0.18,4.93,0,0
2023-01-25,161,-1.34,0.0,0,0
2023-01-26,124,0.89,0.0,0,0
2023-01-27,164,-2.68,0.0,0,0
2023-01-28,239,1.03,0.0,0,0
2023-01-29,213,1.85,3.96,0,0
2023-01-30,142,-1.46,0.0,0,0
2023-01-31,166,-1.59,0.0,0,0
2023-02-01,161,-2.0,0.0,0,0
2023-02-02,169,2.57,0.0,0,0
2023-02-03,161,4.83,0.0,0,0
2023-02-04,244,0.79,0.0,0,0
2023-02-05,274,5.32,0.0,0,0
2023-02-06,150,-3.36,0.0,0,0
2023-02-07,109,0.87,0.0,0,0
2023-02-08,146,-4.06,4.75,0,0
2023-02-09,155,1.15,4.98,0,0
2023-02-10,158,-1.44,8.92,0,0
2023-02-11,206,-1.22,0.0,0,0
2023-02-12,226,-0.77,4.52,0,0
2023-02-13,156,1.72,0.0,0,0
2023-02-14,133,1.95,0.0,0,0
2023-02-15,159,2.24,0.0,0,0
2023-02-16,189,-4.3,0.0,0,0
2023-02-17,153,4.11,0.0,0,0
2023-02-18,230,3.51,2.75,0,0
2023-02-19,226,2.48,0.0,0,1
2023-02-20,173,1.52,0.0,0,0
2023-02-21,155,2.2,0.0,0,0
2023-02-22,183,0.66,0.0,0,0
2023-02-23,169,3.1,0.0,0,0
2023-02-24,158,7.36,0.0,0,0
2023-02-25,251,4.69,0.0,0,0
2023-02-26,198,4.22,0.0,0,0
2023-02-27,166,6.09,0.0,0,0
2023-02-28,131,2.01,9.32,0,0
2023-03-01,124,6.75,0.0,0,0
2023-03-02,127,1.47,0.0,0,0
2023-03-03,153,5.33,8.44,0,0
2023-03-04,196,9.8,0.0,0,0
2023-03-05,206,7.25,0.0,0,0
2023-03-06,132,4.27,3.91,0,0
2023-03-07,186,6.38,0.0,0,0
2023-03-08,136,7.58,0.0,0,0
2023-03-09,111,8.94,8.12,0,0
2023-03-10,127,8.83,0.0,0,0
2023-03-11,211,8.92,4.03,0,0
2023-03-12,255,9.46,0.37,0,0
2023-03-13,156,6.01,8.7,0,0
2023-03-14,153,8.1,8.96,0,0
2023-03-15,145,5.63,0.0,0,0
2023-03-16,114,10.69,4.18,0,0
2023-03-17,132,9.22,0.0,0,0
2023-03-18,238,8.5,0.0,0,0
2023-03-19,190,10.69,0.0,0,0
2023-03-20,141,6.77,0.0,0,0
2023-03-21,112,12.86,0.0,0,0
2023-03-22,158,12.32,0.0,0,0
2023-03-23,107,13.22,8.32,0,0
2023-03-24,139,14.17,7.48,0,0
2023-03-25,166,12.61,0.0,0,0
2023-03-26,231,12.61,0.0,0,0
2023-03-27,111,13.5,9.04,0,0
2023-03-28,156,12.73,0.0,0,0
2023-03-29,110,10.75,8.7,0,0
2023-03-30,155,11.31,0.0,0,0
2023-03-31,189,13.87,0.0,0,0
2023-04-01,210,15.81,2.46,0,0
2023-04-02,182,16.03,0.0,0,0
2023-04-03,163,13.56,0.0,0,0
2023-04-04,103,14.4,0.0,0,0
2023-04-05,136,13.08,0.0,0,0
2023-04-06,165,11.04,0.0,0,0
2023-04-07,154,14.06,0.0,0,0
2023-04-08,180,15.42,0.0,0,0
2023-04-09,231,14.21,0.0,0,0
2023-04-10,146,14.61,0.0,0,0
2023-04-11,104,17.9,0.0,0,0
2023-04-12,149,15.12,0.0,0,0
2023-04-13,124,13.54,0.0,0,0
2023-04-14,140,19.66,0.0,0,0
2023-04-15,246,11.6,5.63,0,0
2023-04-16,180,16.65,0.0,0,0
2023-04-17,156,14.94,8.12,0,0
2023-04-18,164,17.33,0.0,0,0
2023-04-19,130,16.72,0.0,0,0
2023-04-20,142,16.31,0.0,0,0
2023-04-21,193,18.62,0.0,0,0
2023-04-22,197,20.39,0.0,0,0
2023-04-23,200,15.66,0.0,0,0
2023-04-24,147,18.25,0.0,0,0
2023-04-25,123,15.04,0.0,0,0
2023-04-26,102,17.65,0.0,0,0
2023-04-27,129,18.86,0.0,0,0
2023-04-28,155,18.44,0.0,0,0
2023-04-29,182,18.66,7.66,0,0
2023-04-30,183,18.36,0.0,0,0
2023-05-01,150,17.99,0.0,0,0
2023-05-02,113,19.08,0.0,0,0
2023-05-03,124,21.11,0.0,0,0
2023-05-04,134,19.37,0.0,0,0
2023-05-05,168,19.83,0.0,0,0
2023-05-06,186,21.76,0.0,0,0
2023-05-07,210,21.71,6.6,0,0
2023-05-08,169,19.92,0.0,0,0
2023-05-09,117,21.4,9.73,0,0
2023-05-10,158,21.0,1.59,0,0
2023-05-11,135,19.87,0.0,0,0
2023-05-12,157,20.96,0.0,0,0
2023-05-13,261,25.51,0.0,0,0
2023-05-14,274,20.26,0.0,0,0
2023-05-15,139,22.41,0.0,0,0
2023-05-16,151,19.65,0.0,0,0
2023-05-17,177,23.85,0.0,0,0
2023-05-18,156,24.09,0.0,0,0
2023-05-19,100,24.96,0.0,0,0
2023-05-20,253,21.0,0.0,0,0
2023-05-21,173,25.93,4.86,0,0
2023-05-22,149,22.72,0.0,0,0
2023-05-23,159,18.91,0.0,0,0
2023-05-24,134,21.84,1.8,0,0
2023-05-25,132,20.33,0.0,0,0
2023-05-26,178,21.5,0.0,0,0
2023-05-27,175,23.69,0.0,0,0
2023-05-28,234,24.22,5.46,0,0
2023-05-29,175,23.07,0.0,0,0
2023-05-30,126,22.98,0.14,0,0
2023-05-31,153,19.84,0.0,0,0
2023-06-01,130,24.84,7.45,0,0
2023-06-02,163,25.68,0.0,0,0
2023-06-03,253,26.93,0.0,0,0
2023-06-04,173,22.52,0.0,0,0
2023-06-05,144,24.17,0.0,0,0
2023-06-06,109,25.39,9.17,0,0
2023-06-07,152,24.78,5.37,0,0
2023-06-08,146,25.26,0.0,0,0
2023-06-09,110,25.53,0.0,0,0
2023-06-10,214,23.04,0.0,0,0
2023-06-11,182,25.25,0.0,0,0
2023-06-12,163,27.52,0.0,0,0
2023-06-13,182,26.06,0.0,0,0
2023-06-14,155,29.43,0.0,0,0
2023-06-15,108,26.34,0.0,0,0
2023-06-16,190,23.61,0.0,0,0
2023-06-17,257,28.31,3.31,0,0
2023-06-18,176,25.56,0.0,0,0
2023-06-19,134,28.58,0.0,0,0
2023-06-20,171,22.87,0.0,0,0
2023-06-21,106,25.3,0.0,0,0
2023-06-22,128,22.39,0.0,0,0
2023-06-23,115,25.2,0.0,0,0
2023-06-24,257,22.54,0.0,0,0
2023-06-25,205,26.25,2.3,0,0
2023-06-26,138,25.47,0.0,0,0
2023-06-27,156,24.41,0.0,0,0
2023-06-28,142,24.21,0.0,0,0
2023-06-29,112,27.83,2.91,0,0
2023-06-30,154,23.8,0.0,0,0
2023-07-01,183,21.67,9.53,0,0
2023-07-02,204,26.38,0.0,0,0
2023-07-03,179,25.49,0.0,0,0
2023-07-04,113,28.29,5.09,1,0
2023-07-05,108,23.03,4.41,0,0
2023-07-06,186,25.07,0.0,0,0
2023-07-07,129,27.12,0.0,0,0
2023-07-08,204,30.38,1.79,0,0
2023-07-09,168,25.56,0.0,0,0
2023-07-10,145,21.34,0.0,0,0
2023-07-11,146,22.93,0.0,0,0
2023-07-12,176,23.34,0.0,0,0
2023-07-13,160,24.87,0.0,0,0
2023-07-14,143,24.44,0.0,0,0
2023-07-15,256,27.76,0.0,0,0
2023-07-16,200,24.2,0.0,0,0
2023-07-17,130,20.74,0.0,0,0
2023-07-18,143,25.23,4.99,0,0
2023-07-19,163,23.33,0.0,0,0
2023-07-20,131,20.0,0.0,0,0
2023-07-21,170,21.6,0.0,0,0
2023-07-22,245,22.78,0.0,0,0
2023-07-23,200,22.71,0.0,0,0
2023-07-24,107,25.36,9.51,0,0
2023-07-25,174,21.76,0.0,0,0
2023-07-26,167,23.16,9.73,0,0
2023-07-27,112,18.7,0.0,0,0
2023-07-28,142,19.58,9.7,0,0
2023-07-29,186,20.76,1.28,0,1
2023-07-30,258,20.4,0.0,0,0
2023-07-31,132,20.33,0.0,0,0
2023-08-01,182,19.43,0.0,0,0
2023-08-02,127,22.75,0.0,0,0
2023-08-03,116,22.83,5.46,0,0
2023-08-04,115,22.05,0.0,0,0
2023-08-05,147,20.84,0.14,0,0
2023-08-06,288,19.95,0.0,0,1
2023-08-07,160,23.34,0.0,0,0
2023-08-08,136,24.76,0.0,0,0
2023-08-09,141,23.69,1.97,0,0
2023-08-10,140,15.01,3.64,0,0
2023-08-11,155,21.02,0.0,0,0
2023-08-12,232,19.13,0.0,0,0
2023-08-13,198,22.74,0.0,0,0
2023-08-14,124,15.58,0.0,0,0
2023-08-15,156,16.1,0.0,0,0
2023-08-16,155,18.05,0.0,0,0
2023-08-17,105,20.17,0.0,0,0
2023-08-18,148,15.89,2.89,0,0
2023-08-19,237,17.98,0.0,0,0
2023-08-20,211,14.17,0.0,0,0
2023-08-21,144,15.14,0.0,0,0
2023-08-22,136,18.82,0.0,0,0
2023-08-23,160,19.91,0.0,0,0
2023-08-24,148,18.09,0.0,0,0
2023-08-25,148,14.43,0.0,0,1
2023-08-26,297,13.56,3.86,0,0
2023-08-27,171,14.17,0.0,0,0
2023-08-28,125,17.56,0.0,0,0
2023-08-29,131,14.53,0.0,0,0
2023-08-30,152,17.03,0.0,0,0
2023-08-31,162,15.5,0.0,0,0
2023-09-01,146,15.7,0.0,0,0
2023-09-02,250,15.83,0.0,0,0
2023-09-03,216,14.14,0.0,0,0
2023-09-04,155,15.63,0.0,0,0
2023-09-05,144,13.52,0.0,0,0
2023-09-06,142,12.9,0.0,0,0
2023-09-07,129,14.43,0.0,0,0
2023-09-08,167,11.71,0.0,0,0
2023-09-09,254,11.15,0.0,0,0
2023-09-10,187,16.03,0.0,0,0
2023-09-11,93,13.89,0.38,0,0
2023-09-12,138,12.87,0.0,0,0
2023-09-13,180,12.61,0.0,0,0
2023-09-14,179,10.45,0.0,0,0
2023-09-15,135,9.61,0.0,0,0
2023-09-16,196,12.8,0.0,0,0
2023-09-17,226,11.56,0.0,0,0
2023-09-18,165,8.67,0.0,0,0
2023-09-19,148,13.65,0.0,0,0
2023-09-20,96,9.56,0.2,0,0
2023-09-21,123,9.31,0.0,0,0
2023-09-22,178,11.94,0.0,0,0
2023-09-23,242,7.57,0.0,0,0
2023-09-24,221,11.21,0.0,0,0
2023-09-25,149,8.57,0.0,0,0
2023-09-26,142,8.24,0.0,0,0
2023-09-27,173,4.15,0.0,0,0
2023-09-28,179,8.59,0.0,0,0
2023-09-29,136,4.83,0.0,0,0
2023-09-30,269,7.74,0.0,0,1
2023-10-01,192,5.23,0.0,0,0
2023-10-02,160,4.49,0.0,0,0
2023-10-03,105,9.09,7.19,0,0
2023-10-04,139,8.77,0.0,0,0
2023-10-05,118,5.71,0.0,0,0
2023-10-06,151,6.13,1.26,0,0
2023-10-07,169,3.77,7.25,0,0
2023-10-08,156,6.62,0.0,0,0
2023-10-09,140,4.7,1.44,0,0
2023-10-10,158,5.28,0.0,0,0
2023-10-11,144,2.9,0.0,0,0
2023-10-12,142,2.94,0.0,0,0
2023-10-13,109,1.52,0.0,0,0
2023-10-14,194,6.07,0.0,0,0
2023-10-15,242,5.09,0.0,0,0
2023-10-16,114,2.98,5.02,0,0
2023-10-17,150,2.69,0.0,0,0
2023-10-18,137,1.82,3.16,0,0
2023-10-19,117,4.81,8.11,0,0
2023-10-20,184,1.8,0.0,0,0
2023-10-21,227,2.17,0.0,0,0
2023-10-22,215,-0.11,4.39,0,0
2023-10-23,165,1.21,0.0,0,0
2023-10-24,125,0.1,0.0,0,0
2023-10-25,147,0.23,0.0,0,0
2023-10-26,90,2.4,6.33,0,0
2023-10-27,143,-4.32,0.0,0,0
2023-10-28,178,1.57,4.86,0,0
2023-10-29,234,-1.05,0.57,0,0
2023-10-30,127,-1.66,5.75,0,0
2023-10-31,153,-1.85,7.6,0,0
2023-11-01,132,-1.33,0.0,0,0
2023-11-02,144,-0.46,0.0,0,0
2023-11-03,145,-2.91,0.0,0,0
2023-11-04,150,1.8,0.0,0,0
2023-11-05,167,2.19,0.0,0,0
2023-11-06,163,0.2,0.0,0,0
2023-11-07,162,-1.71,0.0,0,0
2023-11-08,142,-0.99,9.49,0,0
2023-11-09,131,-1.61,10.0,0,0
2023-11-10,122,-0.51,8.58,0,0
2023-11-11,175,-2.12,0.0,0,0
2023-11-12,212,-4.28,0.0,0,0
2023-11-13,134,-1.54,0.0,0,0
2023-11-14,139,-1.69,0.0,0,0
2023-11-15,168,0.45,0.0,0,0
2023-11-16,153,0.35,4.9,0,0
2023-11-17,140,-2.97,0.0,0,0
2023-11-18,274,0.48,0.0,0,0
2023-11-19,233,-5.0,0.0,0,0
2023-11-20,151,0.02,0.0,0,0
2023-11-21,157,-2.33,0.0,0,0
2023-11-22,142,-5.0,8.13,0,0
2023-11-23,145,-0.58,0.0,0,0
2023-11-24,104,-3.45,0.0,0,0
2023-11-25,255,-4.06,0.0,0,0
2023-11-26,209,-5.0,0.0,0,0
2023-11-27,133,-4.4,0.0,1,0
2023-11-28,109,-4.65,0.0,1,0
2023-11-29,135,-4.88,0.0,0,0
2023-11-30,159,1.46,0.0,0,0
2023-12-01,117,-1.08,0.0,0,0
2023-12-02,279,-3.56,0.0,0,0
2023-12-03,245,-3.4,0.0,0,0
2023-12-04,180,0.49,0.0,0,0
2023-12-05,166,-4.76,0.99,0,0
2023-12-06,133,-3.92,0.0,0,0
2023-12-07,173,-5.0,0.0,0,0
2023-12-08,157,-2.83,6.68,0,0
2023-12-09,229,-5.0,8.41,0,0
2023-12-10,243,-5.0,0.0,0,0
2023-12-11,160,-3.14,1.41,0,0
2023-12-12,138,-1.35,0.0,0,0
2023-12-13,182,-2.23,0.0,0,0
2023-12-14,136,-5.0,0.0,0,0
2023-12-15,137,-1.07,0.0,0,0
2023-12-16,213,-5.0,0.0,0,0
2023-12-17,296,-4.5,0.0,0,0
2023-12-18,122,-5.0,0.0,0,0
2023-12-19,115,-3.32,0.0,0,0
2023-12-20,176,-3.51,0.0,0,0
2023-12-21,151,-2.51,0.0,0,0
2023-12-22,114,-2.21,0.0,0,0
2023-12-23,253,-5.0,0.23,0,0
2023-12-24,231,-2.34,2.51,0,0
2023-12-25,163,-1.96,0.0,1,0
2023-12-26,151,-4.18,0.0,0,0
2023-12-27,143,-4.52,0.0,0,0
2023-12-28,140,-5.0,0.5,0,0
2023-12-29,176,-2.68,0.0,0,0
2023-12-30,252,-5.0,0.0,0,0
2023-12-31,226,-1.89,0.0,0,0
2024-01-01,167,-4.22,0.0,1,0
2024-01-02,152,-3.81,5.92,0,0
2024-01-03,143,-4.17,0.0,0,0
2024-01-04,158,-3.68,0.0,0,0
2024-01-05,166,-3.11,0.0,0,0
2024-01-06,253,-5.0,0.0,0,0
2024-01-07,219,-5.0,0.0,0,0
2024-01-08,168,-4.63,0.0,0,0
2024-01-09,194,-5.0,0.0,0,0
2024-01-10,166,-4.05,0.0,0,0
2024-01-11,202,-2.86,0.0,0,0
2024-01-12,179,-5.0,0.0,0,0
2024-01-13,225,-1.92,0.0,0,0
2024-01-14,255,-4.13,0.0,0,0
2024-01-15,173,-3.76,0.0,0,0
2024-01-16,157,-2.83,0.0,0,0
2024-01-17,156,-2.67,5.88,0,0
2024-01-18,132,-5.0,0.0,0,0
2024-01-19,179,-3.62,3.68,0,0
2024-01-20,258,-3.8,0.0,0,0
2024-01-21,208,-2.15,6.28,0,0
2024-01-22,198,-3.71,7.25,0,0
2024-01-23,195,-4.9,0.0,0,0
2024-01-24,131,-0.93,0.0,0,0
2024-01-25,177,0.61,0.0,0,0
2024-01-26,150,-1.79,0.0,0,0
2024-01-27,259,1.22,0.0,0,0
2024-01-28,189,-2.36,0.0,0,0
2024-01-29,145,0.91,3.68,0,0
2024-01-30,126,-3.03,9.3,0,0
2024-01-31,133,1.53,0.0,0,0
2024-02-01,170,-2.5,0.0,0,0
2024-02-02,126,-0.13,3.85,0,0
2024-02-03,248,3.02,0.0,0,0
2024-02-04,165,-2.43,0.0,0,0
2024-02-05,142,-0.83,0.0,0,0
2024-02-06,152,3.53,0.0,0,0
2024-02-07,114,0.18,6.1,0,0
2024-02-08,156,-1.68,0.0,0,0
2024-02-09,169,0.12,0.0,0,0
2024-02-10,191,-1.98,0.0,0,0
2024-02-11,263,0.87,0.0,0,0
2024-02-12,163,0.93,0.0,0,0
2024-02-13,117,-0.16,0.0,0,0
2024-02-14,138,0.04,9.7,0,0
2024-02-15,181,3.64,0.0,0,0
2024-02-16,120,3.42,0.0,0,0
2024-02-17,257,1.77,0.0,0,0
2024-02-18,179,1.32,7.09,0,0
2024-02-19,177,3.3,0.0,0,0
2024-02-20,190,2.34,5.81,0,0
2024-02-21,116,3.85,0.0,0,0
2024-02-22,161,2.31,0.0,0,0
2024-02-23,156,4.99,0.0,0,0
2024-02-24,306,0.72,0.0,0,1
2024-02-25,363,3.4,0.0,0,1
2024-02-26,153,1.7,0.0,0,0
2024-02-27,143,1.38,0.0,0,0
2024-02-28,197,7.1,0.0,0,0
2024-02-29,172,7.22,0.0,0,0
2024-03-01,136,11.02,0.0,0,1
2024-03-02,172,3.95,0.0,0,0
2024-03-03,283,6.59,1.4,0,1
2024-03-04,108,4.9,0.0,0,0
2024-03-05,153,7.22,0.0,0,0
2024-03-06,132,8.42,0.0,0,0
2024-03-07,135,6.98,0.0,0,0
2024-03-08,143,5.28,3.63,0,0
2024-03-09,169,9.15,0.0,0,0
2024-03-10,288,8.01,5.82,0,0
2024-03-11,145,6.78,0.0,0,0
2024-03-12,150,7.95,0.0,0,0
2024-03-13,152,8.11,0.0,0,0
2024-03-14,144,9.47,0.0,0,0
2024-03-15,130,7.19,2.63,0,0
2024-03-16,242,10.84,8.8,0,0
2024-03-17,252,7.17,2.73,0,0
2024-03-18,120,11.9,0.0,0,0
2024-03-19,101,13.0,0.0,0,0
2024-03-20,165,11.06,0.0,0,0
2024-03-21,158,10.47,0.0,0,0
2024-03-22,164,8.67,0.0,0,0
2024-03-23,233,6.4,0.0,0,0
2024-03-24,212,12.3,0.0,0,0
2024-03-25,74,10.01,0.0,0,0
2024-03-26,150,11.1,0.0,0,0
2024-03-27,130,9.4,9.41,0,0
2024-03-28,165,12.44,0.0,0,0
2024-03-29,175,13.66,0.0,0,0
2024-03-30,207,13.68,0.0,0,0
2024-03-31,211,7.78,3.97,0,0
2024-04-01,155,11.07,0.0,0,0
2024-04-02,130,13.11,0.0,0,0
2024-04-03,158,12.25,0.0,0,0
2024-04-04,128,12.06,0.0,0,0
2024-04-05,144,16.15,0.0,0,0
2024-04-06,175,15.2,8.96,0,0
2024-04-07,230,14.89,0.0,0,0
2024-04-08,130,13.59,0.0,0,0
2024-04-09,145,16.99,2.6,0,0
2024-04-10,118,16.65,0.0,0,0
2024-04-11,144,15.42,0.0,0,0
2024-04-12,111,16.88,5.55,0,0
2024-04-13,190,18.83,4.37,0,0
2024-04-14,177,13.54,0.0,0,0
2024-04-15,151,16.93,1.75,0,0
2024-04-16,135,15.09,0.0,0,0
2024-04-17,137,17.35,0.0,0,0
2024-04-18,178,17.9,0.0,0,0
2024-04-19,124,17.68,0.0,0,0
2024-04-20,153,18.51,5.11,0,0
2024-04-21,210,17.2,0.0,0,0
2024-04-22,124,16.16,0.0,0,0
2024-04-23,131,21.74,0.0,0,0
2024-04-24,159,17.69,0.0,0,0
2024-04-25,166,20.12,0.0,0,0
2024-04-26,145,20.62,0.0,0,0
2024-04-27,181,17.5,0.0,0,0
2024-04-28,223,20.46,0.0,0,0
2024-04-29,126,20.53,0.0,0,0
2024-04-30,155,20.16,0.0,0,0
2024-05-01,126,19.9,0.0,0,0
2024-05-02,145,24.44,0.0,0,0
2024-05-03,117,18.88,0.0,0,0
2024-05-04,186,20.34,0.0,0,0
2024-05-05,194,17.94,0.0,0,0
2024-05-06,114,18.45,0.0,0,0
2024-05-07,185,21.31,0.0,0,0
2024-05-08,152,22.35,0.0,0,0
2024-05-09,170,21.45,0.0,0,0
2024-05-10,153,20.1,5.85,0,1
2024-05-11,213,23.42,0.0,0,0
2024-05-12,204,23.81,0.0,0,1
2024-05-13,134,23.05,0.0,0,0
2024-05-14,123,22.85,7.39,0,0
2024-05-15,156,24.73,0.0,0,0
2024-05-16,141,24.17,0.0,0,0
2024-05-17,148,22.18,0.0,0,0
2024-05-18,233,22.78,0.0,0,1
2024-05-19,231,24.39,0.0,0,0
2024-05-20,158,23.38,0.0,0,0
2024-05-21,123,23.09,0.0,0,0
2024-05-22,176,22.17,0.0,0,0
2024-05-23,136,21.94,8.92,0,0
2024-05-24,157,27.19,0.0,0,0
2024-05-25,236,21.32,0.0,0,0
2024-05-26,186,22.64,0.0,0,0
2024-05-27,164,22.87,0.0,0,0
2024-05-28,174,23.76,0.0,0,0
2024-05-29,136,24.96,0.0,0,0
2024-05-30,112,23.66,0.0,0,0
2024-05-31,163,23.5,0.0,0,0
2024-06-01,231,25.13,4.85,0,0
2024-06-02,217,20.31,0.0,0,0
2024-06-03,165,27.56,0.0,0,0
2024-06-04,125,25.71,0.0,0,0
2024-06-05,140,25.8,9.64,0,0
2024-06-06,139,23.19,3.04,0,0
2024-06-07,139,23.71,0.0,0,0
2024-06-08,269,25.38,0.0,0,0
2024-06-09,198,26.19,0.0,0,0
2024-06-10,134,23.69,0.0,0,0
2024-06-11,128,29.25,0.73,0,0
2024-06-12,154,25.86,0.0,0,0
2024-06-13,123,25.6,0.0,0,0
2024-06-14,139,24.14,0.0,0,0
2024-06-15,225,22.54,0.0,0,0
2024-06-16,245,26.27,0.0,0,0
2024-06-17,142,23.91,9.15,0,0
2024-06-18,159,28.44,0.0,0,0
2024-06-19,121,23.9,0.0,0,0
2024-06-20,168,24.91,0.0,0,0
2024-06-21,188,24.8,9.52,0,1
2024-06-22,253,23.77,0.81,0,0
2024-06-23,198,28.09,0.0,0,0
2024-06-24,172,25.36,0.0,0,0
2024-06-25,142,25.4,0.63,0,0
2024-06-26,147,25.66,0.0,0,0
2024-06-27,107,23.81,6.52,0,0
2024-06-28,148,20.93,0.0,0,0
2024-06-29,232,23.32,0.0,0,0
2024-06-30,226,25.36,0.0,0,0
2024-07-01,156,25.65,5.85,0,0
2024-07-02,139,22.87,5.68,0,0
2024-07-03,137,26.31,0.0,0,0
2024-07-04,157,24.07,0.0,1,0
2024-07-05,129,27.06,0.0,0,0
2024-07-06,219,22.63,0.0,0,0
2024-07-07,260,23.32,0.0,0,0
2024-07-08,108,21.58,0.0,0,0
2024-07-09,145,25.18,0.0,0,0
2024-07-10,138,21.68,0.0,0,0
2024-07-11,124,23.58,0.0,0,0
2024-07-12,157,23.13,0.0,0,0
2024-07-13,318,24.29,2.26,0,1
2024-07-14,183,22.08,9.01,0,0
2024-07-15,147,25.02,0.0,0,0
2024-07-16,175,24.18,0.0,0,0
2024-07-17,120,23.49,9.55,0,0
2024-07-18,159,22.53,0.0,0,0
2024-07-19,162,20.9,0.0,0,0
2024-07-20,175,22.13,0.0,0,0
2024-07-21,251,23.85,0.0,0,1
2024-07-22,183,20.18,0.0,0,0
2024-07-23,173,20.61,0.0,0,0
2024-07-24,140,25.83,0.0,0,0
2024-07-25,163,21.82,0.0,0,0
2024-07-26,99,22.21,0.0,0,0
2024-07-27,240,19.92,0.0,0,0
2024-07-28,228,18.93,0.0,0,0
2024-07-29,148,22.43,0.0,0,0
2024-07-30,126,22.96,0.0,0,0
2024-07-31,181,25.9,0.0,0,0
2024-08-01,114,21.26,0.0,0,0
2024-08-02,126,22.26,0.0,0,0
2024-08-03,221,20.49,1.5,0,0
2024-08-04,239,19.54,0.0,0,0
2024-08-05,83,20.32,8.02,0,0
2024-08-06,162,23.13,0.0,0,0
2024-08-07,109,16.94,0.0,0,0
2024-08-08,165,18.05,0.0,0,0
2024-08-09,162,20.2,0.0,0,0
2024-08-10,220,17.04,0.0,0,0
2024-08-11,238,20.09,0.0,0,0
2024-08-12,126,17.32,0.0,0,0
2024-08-13,125,20.24,0.63,0,0
2024-08-14,147,21.77,0.0,0,0
2024-08-15,137,18.23,7.58,0,0
2024-08-16,151,20.78,5.55,0,0
2024-08-17,195,17.77,0.24,0,0
2024-08-18,217,17.71,0.0,0,0
2024-08-19,162,20.16,0.0,0,0
2024-08-20,139,17.7,0.0,0,0
2024-08-21,137,16.57,0.0,0,0
2024-08-22,154,18.22,0.0,0,0
2024-08-23,150,16.91,0.0,0,0
2024-08-24,139,17.14,0.0,0,0
2024-08-25,254,16.78,0.0,0,0
2024-08-26,142,13.34,9.18,0,0
2024-08-27,107,13.17,1.46,0,0
2024-08-28,152,14.37,0.0,0,0
2024-08-29,146,17.3,0.0,0,0
2024-08-30,154,14.1,0.0,0,0
2024-08-31,294,13.04,0.0,0,0
2024-09-01,193,12.97,0.0,0,0
2024-09-02,117,14.58,0.0,0,0
2024-09-03,110,15.89,0.0,0,0
2024-09-04,128,14.9,0.0,0,0
2024-09-05,127,12.06,0.0,0,0
2024-09-06,168,11.12,2.09,0,0
2024-09-07,174,10.22,0.0,0,0
2024-09-08,226,14.32,0.0,0,0
2024-09-09,152,10.04,0.0,0,0
2024-09-10,157,13.04,0.0,0,0
2024-09-11,141,10.39,2.79,0,0
2024-09-12,176,9.09,0.0,0,0
2024-09-13,145,11.92,0.0,0,0
2024-09-14,206,13.45,0.0,0,0
2024-09-15,230,10.68,0.0,0,0
2024-09-16,120,12.45,0.0,0,0
2024-09-17,124,13.71,0.0,0,0
2024-09-18,163,8.33,0.0,0,0
2024-09-19,148,7.95,0.0,0,0
2024-09-20,126,8.81,0.0,0,0
2024-09-21,190,5.65,0.0,0,0
2024-09-22,190,9.86,0.0,0,0
2024-09-23,112,7.86,0.0,0,0
2024-09-24,157,5.8,0.0,0,0
2024-09-25,139,8.96,0.0,0,0
2024-09-26,142,6.77,0.0,0,0
2024-09-27,132,6.78,0.0,0,0
2024-09-28,237,5.85,0.0,0,0
2024-09-29,240,8.09,0.0,0,0
2024-09-30,170,9.2,8.61,0,0
2024-10-01,193,6.93,0.0,0,0
2024-10-02,119,4.11,0.0,0,0
2024-10-03,151,5.96,0.0,0,0
2024-10-04,151,6.66,0.0,0,1
2024-10-05,199,7.27,0.61,0,0
2024-10-06,220,11.33,0.0,0,0
2024-10-07,161,8.15,0.0,0,0
2024-10-08,143,7.53,2.99,0,0
2024-10-09,188,4.56,0.0,0,0
2024-10-10,179,3.99,0.0,0,0
2024-10-11,124,3.18,0.0,0,0
2024-10-12,232,4.1,8.95,0,0
2024-10-13,191,0.87,3.42,0,0
2024-10-14,134,3.96,0.0,0,0
2024-10-15,113,7.05,6.14,0,0
2024-10-16,153,1.38,0.0,0,0
2024-10-17,140,0.61,0.0,0,0
2024-10-18,110,3.25,0.0,0,0
2024-10-19,193,4.48,0.0,0,0
2024-10-20,255,0.76,0.0,0,0
2024-10-21,133,-0.35,0.0,0,0
2024-10-22,151,0.87,0.0,0,0
2024-10-23,119,1.22,0.0,0,0
2024-10-24,187,0.13,0.0,0,0
2024-10-25,102,3.24,0.0,0,0
2024-10-26,180,-0.11,0.0,0,0
2024-10-27,239,-0.96,0.0,0,0
2024-10-28,139,-2.33,0.0,0,0
2024-10-29,114,-0.18,0.0,0,0
2024-10-30,110,-0.25,8.45,0,0
2024-10-31,162,-3.02,0.0,0,0
2024-11-01,143,-2.72,0.0,0,0
2024-11-02,313,0.82,0.0,0,1
2024-11-03,225,0.09,0.0,0,0
2024-11-04,176,-3.95,0.0,0,0
2024-11-05,147,-2.45,9.39,0,0
2024-11-06,140,-1.57,0.0,0,0
2024-11-07,117,-3.84,0.0,0,0
2024-11-08,144,2.63,0.0,0,0
2024-11-09,159,-2.98,0.0,0,0
2024-11-10,208,-3.23,0.0,0,0
2024-11-11,156,-3.5,0.0,0,0
2024-11-12,147,-2.39,9.04,0,0
2024-11-13,149,-3.54,0.0,0,0
2024-11-14,160,-2.31,0.0,0,0
2024-11-15,151,-1.93,0.0,0,0
2024-11-16,201,-4.39,0.0,0,0
2024-11-17,213,-1.88,0.0,0,0
2024-11-18,149,0.04,0.0,0,0
2024-11-19,174,-5.0,0.0,0,0
2024-11-20,151,-1.9,0.0,0,0
2024-11-21,149,-2.29,0.0,0,0
2024-11-22,158,-1.76,0.0,0,0
2024-11-23,249,-5.0,0.0,0,0
2024-11-24,259,-5.0,0.0,0,0
2024-11-25,125,-5.0,0.0,0,0
2024-11-26,156,-5.0,0.58,0,0
2024-11-27,137,1.2,0.0,1,0
2024-11-28,96,-3.87,0.0,1,0
2024-11-29,148,-5.0,0.0,0,0
2024-11-30,181,-4.09,0.0,0,0
2024-12-01,200,-5.0,4.94,0,0
2024-12-02,136,-3.64,0.0,0,0
2024-12-03,145,-4.45,0.0,0,0
2024-12-04,180,-1.99,0.0,0,0
2024-12-05,181,-1.86,0.0,0,0
2024-12-06,136,-5.0,0.0,0,0
2024-12-07,248,-5.0,0.0,0,0
2024-12-08,196,-5.0,0.0,0,0
2024-12-09,136,-3.16,5.9,0,0
2024-12-10,143,-0.74,9.62,0,0
2024-12-11,194,-3.84,0.0,0,0
2024-12-12,153,-5.0,3.22,0,0
2024-12-13,163,-2.3,0.0,0,0
2024-12-14,212,-5.0,0.0,0,0
2024-12-15,313,-3.76,0.0,0,0
2024-12-16,209,-3.01,0.0,0,0
2024-12-17,149,-4.75,0.0,0,0
2024-12-18,134,-5.0,3.57,0,0
2024-12-19,149,-3.65,0.0,0,0
2024-12-20,99,-2.52,0.0,0,0
2024-12-21,210,-5.0,4.99,0,0
2024-12-22,206,-4.73,0.0,0,0
2024-12-23,213,-5.0,0.0,0,0
2024-12-24,130,-2.42,0.0,0,0
2024-12-25,154,-5.0,0.0,1,0
2024-12-26,145,-5.0,0.0,0,0
2024-12-27,168,-3.07,0.0,0,0
2024-12-28,257,-5.0,6.47,0,0
2024-12-29,209,-2.99,0.0,0,0
2024-12-30,188,-2.45,0.0,0,0
2024-12-31,155,-5.0,0.0,0,0
